estimator,feature_engineer,loss,accuracy,cost_time,highc_cat_encoder,minimum_fraction,af_hidden
lightgbm,generate.autofeat,0.00668529,0.9933147113594041,13.8267,encode.entity,0.001:float,
lightgbm,generate.autofeat,0.00668529,0.9933147113594041,20.5606,encode.entity,0.001:float,
random_forest,generate.autofeat,0.00668529,0.9933147113594041,13.6725,encode.cat_boost,0.1:float,
lightgbm,generate.autofeat,0.00668529,0.9933147113594041,11.3172,encode.cat_boost,0.001:float,
lightgbm,generate.autofeat,0.00668529,0.9933147113594041,4.82926,encode.cat_boost,0.001:float,
lightgbm,generate.autofeat,0.0066915,0.993308504034761,3.94305,encode.cat_boost,0.001:float,
lightgbm,generate.autofeat,0.0077964,0.992203600248293,10.8464,encode.entity,0.1:float,
random_forest,select.boruta,0.0077964,0.992203600248293,10.4628,encode.ordinal,0.01:float,
lightgbm,generate.autofeat,0.0077964,0.992203600248293,4.55932,encode.entity,0.001:float,
lightgbm,operate.keep_going,0.0077964,0.992203600248293,3.5122,encode.entity,0.001:float,
lightgbm,generate.autofeat,0.0077964,0.992203600248293,10.0015,encode.entity,0.1:float,
lightgbm,generate.autofeat,0.00780261,0.9921973929236498,9.93322,encode.cat_boost,0.001:float,
lightgbm,generate.autofeat,0.00780261,0.9921973929236498,8.09085,encode.cat_boost,0.01:float,
lightgbm,generate.autofeat,0.00780261,0.9921973929236498,11.0147,encode.cat_boost,0.01:float,
lightgbm,generate.autofeat,0.00890751,0.9910924891371818,12.6056,encode.entity,0.01:float,
lightgbm,generate.autofeat,0.00890751,0.9910924891371818,14.4701,encode.entity,0.001:float,
lightgbm,generate.autofeat,0.00890751,0.9910924891371818,12.9251,encode.entity,0.001:float,
lightgbm,generate.autofeat,0.00890751,0.9910924891371818,4.96588,encode.entity,0.001:float,
lightgbm,generate.autofeat,0.00890751,0.9910924891371818,6.83149,encode.entity,0.01:float,
lightgbm,operate.keep_going,0.00890751,0.9910924891371818,6.00101,encode.entity,0.001:float,
lightgbm,generate.autofeat,0.00890751,0.9910924891371818,10.3032,encode.entity,0.01:float,
lightgbm,generate.autofeat,0.00890751,0.9910924891371818,9.72555,encode.entity,0.01:float,
lightgbm,generate.autofeat,0.00890751,0.9910924891371818,15.92,encode.entity,0.001:float,
lightgbm,generate.autofeat,0.00890751,0.9910924891371818,5.41311,encode.entity,0.001:float,
lightgbm,generate.autofeat,0.00890751,0.9910924891371818,12.9874,encode.entity,0.01:float,
lightgbm,generate.autofeat,0.00890751,0.9910924891371818,11.2908,encode.entity,0.001:float,
lightgbm,operate.keep_going,0.00891372,0.9910862818125388,5.2769,encode.entity,0.001:float,
lightgbm,generate.autofeat,0.00891372,0.9910862818125388,12.8904,encode.entity,0.1:float,
lightgbm,generate.autofeat,0.0100186,0.9899813780260708,8.29677,encode.entity,0.001:float,
lightgbm,generate.autofeat,0.0100186,0.9899813780260708,8.27475,encode.entity,0.1:float,
lightgbm,generate.autofeat,0.0100186,0.9899813780260708,17.2199,encode.entity,0.1:float,
random_forest,select.boruta,0.0100186,0.9899813780260708,10.0768,encode.entity,0.001:float,
lightgbm,operate.keep_going,0.0100186,0.9899813780260708,7.84451,encode.ordinal,0.01:float,
lightgbm,operate.keep_going,0.0100186,0.9899813780260708,4.82132,encode.ordinal,0.1:float,
lightgbm,operate.keep_going,0.0100186,0.9899813780260708,3.76733,encode.entity,0.001:float,
random_forest,select.boruta,0.0100186,0.9899813780260708,10.2013,encode.cat_boost,0.1:float,
lightgbm,select.boruta,0.0100248,0.9899751707014277,13.3835,encode.cat_boost,0.001:float,
random_forest,select.boruta,0.0100248,0.9899751707014277,9.43797,encode.cat_boost,0.01:float,
lightgbm,operate.keep_going,0.0100248,0.9899751707014277,12.8863,encode.entity,0.1:float,
lightgbm,operate.keep_going,0.0100248,0.9899751707014277,5.66137,encode.entity,0.001:float,
lightgbm,generate.autofeat,0.0111297,0.9888702669149596,7.23451,encode.entity,0.001:float,
lightgbm,generate.autofeat,0.0111359,0.9888640595903165,18.2856,encode.entity,0.1:float,
lightgbm,operate.keep_going,0.0111359,0.9888640595903165,10.7428,encode.entity,0.01:float,
lightgbm,generate.autofeat,0.0111359,0.9888640595903165,15.8353,encode.cat_boost,0.1:float,
lightgbm,select.boruta,0.0111359,0.9888640595903165,6.59972,encode.cat_boost,0.001:float,
lightgbm,generate.autofeat,0.0111359,0.9888640595903165,3.75607,encode.cat_boost,0.01:float,
lightgbm,generate.autofeat,0.0111359,0.9888640595903165,13.7173,encode.cat_boost,0.001:float,
lightgbm,generate.autofeat,0.0111359,0.9888640595903165,9.40327,encode.cat_boost,0.1:float,
lightgbm,generate.autofeat,0.0111359,0.9888640595903165,9.2577,encode.cat_boost,0.001:float,
lightgbm,operate.keep_going,0.0111359,0.9888640595903165,19.7045,encode.entity,0.1:float,
lightgbm,select.boruta,0.0122471,0.9877529484792055,5.12413,encode.entity,0.01:float,
lightgbm,generate.autofeat,0.0122533,0.9877467411545624,8.73875,encode.ordinal,0.1:float,
lightgbm,generate.autofeat,0.0122533,0.9877467411545624,10.3951,encode.ordinal,0.1:float,
lightgbm,select.boruta,0.0122533,0.9877467411545624,16.3625,encode.ordinal,0.1:float,
lightgbm,generate.autofeat,0.0122533,0.9877467411545624,22.0805,encode.entity,0.1:float,
lightgbm,operate.keep_going,0.0133582,0.9866418373680943,6.80027,encode.cat_boost,0.1:float,
lightgbm,operate.keep_going,0.0133582,0.9866418373680943,7.13326,encode.cat_boost,0.1:float,
lightgbm,select.boruta,0.0133582,0.9866418373680943,13.0738,encode.cat_boost,0.1:float,
random_forest,generate.autofeat,0.0133644,0.9866356300434512,12.6042,encode.cat_boost,0.1:float,
lightgbm,operate.keep_going,0.0133706,0.9866294227188082,2.6993,encode.ordinal,0.001:float,
lightgbm,generate.autofeat,0.0133768,0.9866232153941651,16.5392,encode.ordinal,0.01:float,
random_forest,generate.autofeat,0.0144817,0.9855183116076971,14.4953,encode.ordinal,0.1:float,
lightgbm,generate.autofeat,0.0144817,0.9855183116076971,5.20947,encode.ordinal,0.001:float,
lightgbm,generate.autofeat,0.0156052,0.9843947858472998,9.30397,encode.ordinal,0.001:float,
lightgbm,select.boruta,0.0166915,0.983308504034761,15.0626,encode.entity,0.001:float,
random_forest,generate.autofeat,0.0166977,0.9833022967101179,9.33034,encode.entity,0.001:float,
random_forest,generate.autofeat,0.0178088,0.9821911855990069,14.8594,encode.cat_boost,0.001:float,
lightgbm,generate.autofeat,0.017815,0.9821849782743637,14.4219,encode.entity,0.1:float,
random_forest,operate.keep_going,0.0189323,0.9810676598386096,10.4361,encode.ordinal,0.1:float,
lightgbm,operate.keep_going,0.0200372,0.9799627560521416,8.785,encode.cat_boost,0.01:float,
random_forest,generate.autofeat,0.0200372,0.9799627560521416,18.8211,encode.entity,0.001:float,
lightgbm,generate.autofeat,0.0200435,0.9799565487274984,4.69393,encode.entity,0.01:float,
extra_trees,operate.keep_going,0.0200497,0.9799503414028553,10.856,encode.entity,0.001:float,
random_forest,generate.autofeat,0.0211546,0.9788454376163873,21.8183,encode.entity,0.1:float,
lightgbm,operate.keep_going,0.0211546,0.9788454376163873,3.13632,encode.entity,0.001:float,
extra_trees,select.boruta,0.0211608,0.9788392302917442,12.4893,encode.cat_boost,0.001:float,
logistic_regression,operate.keep_going,0.0244879,0.975512104283054,13.6741,encode.entity,0.1:float,
logistic_regression,operate.keep_going,0.025599,0.9744009931719428,6.45914,encode.cat_boost,0.1:float,
random_forest,operate.keep_going,0.028951,0.9710490378646803,8.96914,encode.cat_boost,0.1:float,
random_forest,operate.keep_going,0.0289572,0.9710428305400371,9.78334,encode.ordinal,0.01:float,
random_forest,select.boruta,0.0300683,0.9699317194289261,11.5245,encode.entity,0.1:float,
logistic_regression,operate.keep_going,0.0311732,0.9688268156424581,6.46393,encode.entity,0.001:float,
random_forest,generate.autofeat,0.0345127,0.9654872749844816,18.9009,encode.entity,0.001:float,
lightgbm,generate.autofeat,0.0345251,0.9654748603351955,27.963,encode.entity,0.001:float,
tabular_nn,select.boruta,0.0356176,0.9643823711980136,14.723,encode.ordinal,0.01:float,relu
extra_trees,operate.keep_going,0.0356425,0.9643575418994412,12.6438,encode.cat_boost,0.01:float,
lightgbm,operate.keep_going,0.0378647,0.9621353196772191,34.2935,encode.entity,0.001:float,
random_forest,operate.keep_going,0.0389758,0.9610242085661082,9.24056,encode.ordinal,0.001:float,
tabular_nn,operate.keep_going,0.0389758,0.9610242085661082,11.9829,encode.ordinal,0.01:float,relu
tabular_nn,operate.keep_going,0.0389882,0.9610117939168219,6.96351,encode.entity,0.001:float,relu
lightgbm,generate.autofeat,0.0389944,0.9610055865921787,20.8638,encode.ordinal,0.1:float,
tabular_nn,select.boruta,0.0400869,0.9599130974549969,13.3902,encode.ordinal,0.001:float,leaky_relu
random_forest,generate.autofeat,0.0400869,0.9599130974549969,13.4899,encode.entity,0.001:float,
lightgbm,operate.keep_going,0.0400993,0.9599006828057106,19.4436,encode.cat_boost,0.1:float,
extra_trees,generate.autofeat,0.0412166,0.9587833643699565,13.6408,encode.cat_boost,0.1:float,
extra_trees,select.boruta,0.0412291,0.9587709497206702,12.1178,encode.entity,0.1:float,
lightgbm,generate.autofeat,0.042334,0.9576660459342022,32.6928,encode.ordinal,0.01:float,
lightgbm,select.boruta,0.0423402,0.9576598386095594,29.7853,encode.ordinal,0.001:float,
lightgbm,select.boruta,0.0434326,0.9565673494723775,23.8258,encode.entity,0.1:float,
extra_trees,select.boruta,0.0434513,0.9565487274984481,12.1818,encode.entity,0.001:float,
lightgbm,select.boruta,0.0434513,0.9565487274984481,20.3034,encode.cat_boost,0.001:float,
lightgbm,select.boruta,0.0456611,0.954338919925512,5.81216,encode.ordinal,0.01:float,
extra_trees,operate.keep_going,0.046766,0.953234016139044,9.05244,encode.ordinal,0.01:float,
lightgbm,generate.autofeat,0.046766,0.953234016139044,11.0342,encode.entity,0.001:float,
lightgbm,select.boruta,0.0467784,0.9532216014897579,10.4328,encode.cat_boost,0.001:float,
lightgbm,operate.keep_going,0.0478895,0.9521104903786469,4.64529,encode.cat_boost,0.01:float,
extra_trees,generate.autofeat,0.0478957,0.9521042830540036,16.3369,encode.ordinal,0.01:float,
lightgbm,generate.autofeat,0.0490068,0.9509931719428927,10.913,encode.ordinal,0.001:float,
lightgbm,generate.autofeat,0.0490068,0.9509931719428927,13.5487,encode.entity,0.001:float,
extra_trees,operate.keep_going,0.0501117,0.9498882681564247,8.56484,encode.entity,0.01:float,
lightgbm,generate.autofeat,0.0501241,0.9498758535071385,18.9004,encode.cat_boost,0.1:float,
lightgbm,select.boruta,0.0501304,0.9498696461824953,31.7387,encode.ordinal,0.001:float,
random_forest,generate.autofeat,0.0512166,0.9487833643699567,33.4964,encode.entity,0.001:float,
lightgbm,generate.autofeat,0.0512353,0.9487647423960273,31.8952,encode.entity,0.01:float,
random_forest,select.boruta,0.0523277,0.9476722532588454,20.8665,encode.ordinal,0.001:float,
lightgbm,generate.autofeat,0.0523464,0.9476536312849163,24.3602,encode.entity,0.001:float,
lightgbm,operate.keep_going,0.0523464,0.9476536312849163,21.4413,encode.entity,0.001:float,
logistic_regression,operate.keep_going,0.0523464,0.9476536312849163,10.6885,encode.cat_boost,0.01:float,
lightgbm,operate.keep_going,0.0523526,0.947647423960273,17.8858,encode.entity,0.001:float,
random_forest,generate.autofeat,0.0534264,0.9465735567970205,19.4638,encode.entity,0.1:float,
random_forest,operate.keep_going,0.0534513,0.9465487274984483,8.66843,encode.cat_boost,0.1:float,
lightgbm,select.boruta,0.0534513,0.9465487274984481,14.8321,encode.ordinal,0.001:float,
lightgbm,generate.autofeat,0.0534637,0.9465363128491621,46.1181,encode.entity,0.01:float,
lightgbm,operate.keep_going,0.0534637,0.9465363128491621,20.8761,encode.entity,0.001:float,
lightgbm,generate.autofeat,0.0534637,0.9465363128491621,29.6876,encode.ordinal,0.01:float,
lightgbm,generate.autofeat,0.0534823,0.9465176908752329,19.285,encode.ordinal,0.01:float,
lightgbm,generate.autofeat,0.0545748,0.9454252017380508,19.8967,encode.cat_boost,0.1:float,
lightgbm,generate.autofeat,0.0545748,0.945425201738051,32.9271,encode.entity,0.1:float,
lightgbm,generate.autofeat,0.0545872,0.9454127870887646,31.7187,encode.entity,0.01:float,
lightgbm,generate.autofeat,0.0545934,0.9454065797641217,12.7955,encode.cat_boost,0.01:float,
lightgbm,select.boruta,0.0556859,0.9443140906269398,27.8104,encode.entity,0.1:float,
lightgbm,operate.keep_going,0.0556859,0.9443140906269398,4.34293,encode.ordinal,0.001:float,
lightgbm,operate.keep_going,0.0556921,0.9443078833022966,33.6591,encode.ordinal,0.01:float,
lightgbm,operate.keep_going,0.0557045,0.9442954686530106,39.0164,encode.cat_boost,0.001:float,
random_forest,generate.autofeat,0.0567846,0.9432153941651148,33.6019,encode.entity,0.001:float,
lightgbm,select.boruta,0.0567908,0.9432091868404718,21.6919,encode.entity,0.001:float,
lightgbm,generate.autofeat,0.0568032,0.9431967721911857,24.1006,encode.entity,0.001:float,
lightgbm,generate.autofeat,0.0568094,0.9431905648665426,7.98704,encode.cat_boost,0.1:float,
lightgbm,select.boruta,0.0568281,0.9431719428926133,7.11851,encode.entity,0.01:float,
extra_trees,generate.autofeat,0.0579019,0.9420980757293606,24.5586,encode.ordinal,0.001:float,
lightgbm,operate.keep_going,0.0579268,0.9420732464307884,19.7248,encode.entity,0.001:float,
lightgbm,select.boruta,0.057933,0.9420670391061453,6.36197,encode.ordinal,0.1:float,
lightgbm,generate.autofeat,0.0590317,0.9409683426443202,40.42,encode.ordinal,0.001:float,
lightgbm,select.boruta,0.0590317,0.9409683426443204,22.6653,encode.entity,0.001:float,
lightgbm,generate.autofeat,0.0590441,0.9409559279950341,31.1151,encode.entity,0.01:float,
lightgbm,generate.autofeat,0.0590503,0.9409497206703911,32.6507,encode.cat_boost,0.01:float,
lightgbm,select.boruta,0.0590565,0.940943513345748,11.9343,encode.entity,0.01:float,
lightgbm,generate.autofeat,0.0601241,0.9398758535071383,17.7271,encode.ordinal,0.001:float,
lightgbm,select.boruta,0.0601366,0.9398634388578524,30.6607,encode.ordinal,0.01:float,
lightgbm,operate.keep_going,0.0623712,0.9376288019863439,30.1189,encode.entity,0.1:float,
lightgbm,generate.autofeat,0.0623898,0.9376101800124147,25.9116,encode.entity,0.01:float,
extra_trees,select.boruta,0.062396,0.9376039726877716,7.46048,encode.ordinal,0.1:float,
random_forest,generate.autofeat,0.0634451,0.9365549348230913,28.3512,encode.cat_boost,0.01:float,
lightgbm,operate.keep_going,0.0634761,0.9365238981998758,27.4923,encode.cat_boost,0.1:float,
lightgbm,select.boruta,0.0634885,0.9365114835505896,37.8602,encode.entity,0.01:float,
extra_trees,select.boruta,0.0645934,0.9354065797641218,15.6596,encode.cat_boost,0.01:float,
lightgbm,select.boruta,0.064612,0.9353879577901925,26.3045,encode.ordinal,0.01:float,
random_forest,select.boruta,0.0657045,0.9342954686530106,24.0535,encode.cat_boost,0.1:float,
random_forest,operate.keep_going,0.0667784,0.9332216014897579,12.0166,encode.cat_boost,0.001:float,
lightgbm,select.boruta,0.0679516,0.9320484171322161,27.9215,encode.ordinal,0.1:float,
lightgbm,generate.autofeat,0.0690379,0.9309621353196773,14.6612,encode.entity,0.001:float,
random_forest,generate.autofeat,0.0690441,0.9309559279950342,30.4722,encode.cat_boost,0.1:float,
lightgbm,generate.autofeat,0.0690441,0.9309559279950342,17.5525,encode.entity,0.001:float,
logistic_regression,select.boruta,0.0701552,0.929844816883923,10.5516,encode.ordinal,0.01:float,
tabular_nn,generate.autofeat,0.0711794,0.9288206083178151,15.5028,encode.cat_boost,0.01:float,tanh
logistic_regression,select.boruta,0.0712353,0.9287647423960272,6.81008,encode.entity,0.1:float,
lightgbm,operate.keep_going,0.0712725,0.9287274984481689,3.74669,encode.ordinal,0.1:float,
lightgbm,operate.keep_going,0.072365,0.9276350093109869,4.66702,encode.entity,0.001:float,
lightgbm,operate.keep_going,0.0723836,0.9276163873370578,23.0512,encode.entity,0.001:float,
lightgbm,select.boruta,0.0723898,0.9276101800124147,19.1696,encode.cat_boost,0.01:float,
lightgbm,select.boruta,0.0724022,0.9275977653631285,27.4162,encode.ordinal,0.1:float,
random_forest,operate.keep_going,0.0734637,0.9265363128491619,27.6044,encode.ordinal,0.1:float,
lightgbm,operate.keep_going,0.0734885,0.9265114835505898,17.6583,encode.ordinal,0.01:float,
lightgbm,select.boruta,0.0735009,0.9264990689013036,17.7922,encode.ordinal,0.001:float,
lightgbm,generate.autofeat,0.0745934,0.9254065797641218,15.3176,encode.cat_boost,0.001:float,
lightgbm,operate.keep_going,0.0757169,0.9242830540037245,26.821,encode.cat_boost,0.001:float,
extra_trees,generate.autofeat,0.0790503,0.9209497206703912,33.044,encode.entity,0.1:float,
lightgbm,select.boruta,0.0801614,0.9198386095592799,9.00299,encode.cat_boost,0.001:float,
random_forest,select.boruta,0.0823774,0.9176225946617009,15.082,encode.cat_boost,0.001:float,
tabular_nn,operate.keep_going,0.0826381,0.9173618870266915,21.7275,encode.entity,0.01:float,tanh
random_forest,select.boruta,0.0834761,0.9165238981998758,8.70089,encode.ordinal,0.01:float,
extra_trees,generate.autofeat,0.0835071,0.9164928615766605,28.2769,encode.entity,0.001:float,
lightgbm,generate.autofeat,0.0835196,0.9164804469273744,8.65808,encode.cat_boost,0.01:float,
random_forest,select.boruta,0.0846058,0.9153941651148354,9.70362,encode.ordinal,0.1:float,
random_forest,operate.keep_going,0.0857294,0.9142706393544383,11.1234,encode.entity,0.001:float,
extra_trees,operate.keep_going,0.0857356,0.914264432029795,25.7327,encode.entity,0.01:float,
random_forest,operate.keep_going,0.0857418,0.9142582247051522,26.5694,encode.entity,0.01:float,
random_forest,generate.autofeat,0.0857542,0.9142458100558659,36.8136,encode.entity,0.1:float,
lightgbm,operate.keep_going,0.0857604,0.9142396027312228,19.9179,encode.cat_boost,0.1:float,
tabular_nn,operate.keep_going,0.0879516,0.9120484171322161,8.92761,encode.ordinal,0.01:float,leaky_relu
random_forest,operate.keep_going,0.0879702,0.9120297951582866,26.3101,encode.entity,0.1:float,
extra_trees,operate.keep_going,0.0890999,0.9109000620732465,7.99364,encode.ordinal,0.01:float,
extra_trees,operate.keep_going,0.0891123,0.9108876474239602,10.3981,encode.cat_boost,0.01:float,
extra_trees,operate.keep_going,0.0891186,0.9108814400993172,8.38205,encode.entity,0.01:float,
logistic_regression,operate.keep_going,0.0901552,0.909844816883923,5.25503,encode.cat_boost,0.01:float,
extra_trees,generate.autofeat,0.09018,0.9098199875853508,14.0634,encode.cat_boost,0.01:float,
random_forest,generate.autofeat,0.090211,0.9097889509621353,13.5857,encode.cat_boost,0.01:float,
random_forest,select.boruta,0.091347,0.9086530105524518,16.3117,encode.entity,0.01:float,
lightgbm,operate.keep_going,0.092396,0.9076039726877715,26.0671,encode.cat_boost,0.01:float,
random_forest,operate.keep_going,0.0924022,0.9075977653631284,23.5068,encode.ordinal,0.01:float,
extra_trees,select.boruta,0.0924084,0.9075915580384855,11.3754,encode.ordinal,0.1:float,
random_forest,generate.autofeat,0.0924333,0.9075667287399132,19.2519,encode.ordinal,0.1:float,
lightgbm,select.boruta,0.0957045,0.9042954686530106,21.7794,encode.cat_boost,0.001:float,
extra_trees,generate.autofeat,0.0957356,0.9042644320297951,32.6705,encode.ordinal,0.1:float,
extra_trees,select.boruta,0.095748,0.9042520173805089,15.4367,encode.cat_boost,0.001:float,
extra_trees,select.boruta,0.0957542,0.9042458100558658,14.2175,encode.cat_boost,0.01:float,
lightgbm,select.boruta,0.0957542,0.9042458100558658,20.2253,encode.entity,0.01:float,
extra_trees,operate.keep_going,0.0957914,0.9042085661080075,9.45432,encode.ordinal,0.01:float,
extra_trees,operate.keep_going,0.0968467,0.9031533209186839,27.3017,encode.ordinal,0.001:float,
random_forest,select.boruta,0.0979702,0.9020297951582867,33.8887,encode.entity,0.01:float,
extra_trees,generate.autofeat,0.0979764,0.9020235878336436,21.1785,encode.entity,0.1:float,
lightgbm,generate.autofeat,0.0980137,0.9019863438857852,25.0266,encode.ordinal,0.001:float,
random_forest,operate.keep_going,0.0990813,0.9009186840471756,12.3509,encode.entity,0.01:float,
lightgbm,select.boruta,0.10023,0.8997703289882061,12.2439,encode.cat_boost,0.1:float,
extra_trees,generate.autofeat,0.101316,0.8986840471756672,17.8599,encode.ordinal,0.001:float,
extra_trees,select.boruta,0.102427,0.8975729360645561,14.2507,encode.entity,0.1:float,
random_forest,generate.autofeat,0.10576,0.8942396027312227,35.676,encode.cat_boost,0.001:float,
extra_trees,select.boruta,0.105767,0.8942333954065796,29.3811,encode.entity,0.01:float,
extra_trees,generate.autofeat,0.105785,0.8942147734326504,18.663,encode.ordinal,0.001:float,
logistic_regression,select.boruta,0.106878,0.8931222842954686,23.3391,encode.entity,0.1:float,
extra_trees,select.boruta,0.106896,0.8931036623215395,26.5219,encode.cat_boost,0.01:float,
extra_trees,operate.keep_going,0.110211,0.8897889509621353,31.274,encode.ordinal,0.1:float,
random_forest,select.boruta,0.112439,0.8875605214152701,24.2727,encode.cat_boost,0.1:float,
extra_trees,generate.autofeat,0.112464,0.8875356921166976,33.9646,encode.entity,0.1:float,
logistic_regression,generate.autofeat,0.113569,0.8864307883302297,17.4561,encode.entity,0.01:float,
random_forest,select.boruta,0.114674,0.8853258845437615,12.7764,encode.ordinal,0.01:float,
random_forest,select.boruta,0.116896,0.8831036623215394,10.406,encode.entity,0.01:float,
random_forest,generate.autofeat,0.117995,0.8820049658597144,12.0103,encode.ordinal,0.01:float,
random_forest,select.boruta,0.118051,0.8819490999379267,29.1644,encode.entity,0.001:float,
random_forest,generate.autofeat,0.118051,0.8819490999379267,13.1944,encode.cat_boost,0.001:float,
random_forest,operate.keep_going,0.121366,0.8786343885785227,12.9885,encode.cat_boost,0.1:float,
tabular_nn,generate.autofeat,0.122483,0.8775170701427685,27.9756,encode.entity,0.01:float,relu
extra_trees,operate.keep_going,0.123613,0.8763873370577281,23.6803,encode.entity,0.01:float,
random_forest,operate.keep_going,0.12468,0.8753196772191185,12.8137,encode.ordinal,0.001:float,
random_forest,generate.autofeat,0.124693,0.8753072625698323,10.9742,encode.entity,0.01:float,
random_forest,select.boruta,0.124693,0.8753072625698325,12.6838,encode.ordinal,0.01:float,
random_forest,generate.autofeat,0.124711,0.8752886405959032,14.7755,encode.cat_boost,0.1:float,
extra_trees,select.boruta,0.124718,0.8752824332712601,15.5824,encode.cat_boost,0.001:float,
lightgbm,operate.keep_going,0.125804,0.8741961514587213,3.21732,encode.entity,0.001:float,
random_forest,operate.keep_going,0.126896,0.8731036623215394,9.78778,encode.entity,0.01:float,
random_forest,operate.keep_going,0.128032,0.8719677219118559,8.96034,encode.cat_boost,0.001:float,
random_forest,select.boruta,0.128051,0.8719490999379268,28.34,encode.cat_boost,0.01:float,
extra_trees,select.boruta,0.128051,0.8719490999379268,28.2345,encode.entity,0.001:float,
random_forest,generate.autofeat,0.12915,0.8708504034761019,13.6456,encode.cat_boost,0.01:float,
random_forest,operate.keep_going,0.13023,0.869770328988206,9.98458,encode.cat_boost,0.1:float,
random_forest,operate.keep_going,0.130267,0.8697330850403476,13.6134,encode.cat_boost,0.01:float,
logistic_regression,select.boruta,0.130267,0.8697330850403475,10.3745,encode.cat_boost,0.01:float,
random_forest,operate.keep_going,0.131353,0.868646803227809,10.6146,encode.cat_boost,0.1:float,
logistic_regression,generate.autofeat,0.131372,0.8686281812538794,17.385,encode.cat_boost,0.1:float,
extra_trees,operate.keep_going,0.131397,0.8686033519553072,28.3557,encode.entity,0.001:float,
random_forest,select.boruta,0.131415,0.868584729981378,15.9754,encode.entity,0.001:float,
extra_trees,generate.autofeat,0.131421,0.8685785226567351,37.3192,encode.entity,0.1:float,
logistic_regression,operate.keep_going,0.132508,0.8674922408441962,22.5483,encode.cat_boost,0.001:float,
random_forest,select.boruta,0.1336,0.8663997517070143,9.56711,encode.ordinal,0.1:float,
random_forest,select.boruta,0.133625,0.8663749224084419,30.9487,encode.cat_boost,0.01:float,
random_forest,select.boruta,0.134711,0.8652886405959033,35.2192,encode.cat_boost,0.1:float,
extra_trees,generate.autofeat,0.135822,0.8641775294847921,25.4376,encode.ordinal,0.01:float,
logistic_regression,operate.keep_going,0.135847,0.8641527001862197,25.9552,encode.entity,0.001:float,
logistic_regression,generate.autofeat,0.135854,0.8641464928615766,30.0979,encode.entity,0.001:float,
random_forest,select.boruta,0.136965,0.8630353817504656,27.4961,encode.entity,0.1:float,
random_forest,generate.autofeat,0.138057,0.8619428926132837,13.6984,encode.cat_boost,0.01:float,
extra_trees,generate.autofeat,0.13915,0.8608504034761018,26.4815,encode.ordinal,0.1:float,
random_forest,select.boruta,0.139187,0.8608131595282433,10.8853,encode.cat_boost,0.001:float,
extra_trees,select.boruta,0.139187,0.8608131595282433,12.8205,encode.entity,0.001:float,
logistic_regression,select.boruta,0.139218,0.8607821229050279,6.32856,encode.entity,0.1:float,
logistic_regression,generate.autofeat,0.139224,0.8607759155803848,28.4319,encode.entity,0.1:float,
extra_trees,generate.autofeat,0.140292,0.8597082557417753,10.6091,encode.entity,0.001:float,
lightgbm,generate.autofeat,0.14139,0.8586095592799504,10.7186,encode.entity,0.01:float,
extra_trees,operate.keep_going,0.141397,0.8586033519553073,10.7755,encode.ordinal,0.01:float,
random_forest,generate.autofeat,0.14144,0.8585599006828056,28.8967,encode.ordinal,0.01:float,
extra_trees,select.boruta,0.145916,0.8540844196151458,25.7041,encode.entity,0.001:float,
logistic_regression,generate.autofeat,0.146965,0.8530353817504654,17.6897,encode.entity,0.1:float,
tabular_nn,operate.keep_going,0.148088,0.8519118559900685,33.6099,encode.ordinal,0.001:float,leaky_relu
extra_trees,select.boruta,0.148094,0.8519056486654252,14.0566,encode.entity,0.001:float,
random_forest,generate.autofeat,0.150298,0.8497020484171323,15.5242,encode.entity,0.01:float,
extra_trees,operate.keep_going,0.15031,0.8496896337678461,25.1272,encode.entity,0.001:float,
tabular_nn,select.boruta,0.150379,0.8496213531967722,31.9339,encode.ordinal,0.01:float,relu
random_forest,operate.keep_going,0.151421,0.848578522656735,7.45228,encode.entity,0.001:float,
random_forest,select.boruta,0.151453,0.8485474860335197,24.8949,encode.cat_boost,0.01:float,
random_forest,select.boruta,0.152539,0.8474612042209808,11.0124,encode.entity,0.1:float,
tabular_nn,generate.autofeat,0.152564,0.8474363749224085,10.9645,encode.cat_boost,0.01:float,tanh
logistic_regression,operate.keep_going,0.153613,0.8463873370577282,4.81738,encode.cat_boost,0.1:float,
extra_trees,select.boruta,0.153644,0.8463563004345127,12.4773,encode.entity,0.1:float,
random_forest,operate.keep_going,0.15478,0.8452203600248295,26.0224,encode.ordinal,0.01:float,
random_forest,generate.autofeat,0.158113,0.841887026691496,18.3309,encode.ordinal,0.1:float,
tabular_nn,operate.keep_going,0.159224,0.8407759155803849,6.33678,encode.cat_boost,0.01:float,tanh
logistic_regression,generate.autofeat,0.15923,0.8407697082557417,44.9935,encode.entity,0.001:float,
random_forest,select.boruta,0.159237,0.8407635009310986,29.8548,encode.cat_boost,0.1:float,
extra_trees,generate.autofeat,0.159292,0.840707635009311,12.3546,encode.ordinal,0.01:float,
random_forest,select.boruta,0.163669,0.8363314711359404,10.0283,encode.entity,0.001:float,
random_forest,operate.keep_going,0.163693,0.836306641837368,30.361,encode.ordinal,0.001:float,
extra_trees,operate.keep_going,0.163693,0.836306641837368,26.393,encode.ordinal,0.001:float,
logistic_regression,select.boruta,0.164786,0.8352141527001862,27.1986,encode.cat_boost,0.01:float,
extra_trees,generate.autofeat,0.167033,0.8329671011793917,18.8876,encode.entity,0.1:float,
random_forest,operate.keep_going,0.167052,0.8329484792054623,11.2687,encode.ordinal,0.001:float,
random_forest,select.boruta,0.168125,0.8318746120422098,10.613,encode.cat_boost,0.01:float,
random_forest,select.boruta,0.168144,0.8318559900682805,26.6134,encode.cat_boost,0.01:float,
random_forest,generate.autofeat,0.170372,0.8296275605214152,30.371,encode.ordinal,0.1:float,
extra_trees,generate.autofeat,0.170385,0.8296151458721293,14.3015,encode.cat_boost,0.01:float,
extra_trees,select.boruta,0.172607,0.827392923649907,12.1644,encode.cat_boost,0.001:float,
tabular_nn,operate.keep_going,0.172644,0.8273556797020485,13.2023,encode.entity,0.01:float,leaky_relu
random_forest,select.boruta,0.173712,0.8262880198634388,32.2991,encode.entity,0.001:float,
lightgbm,select.boruta,0.174792,0.8252079453755432,9.0164,encode.ordinal,0.1:float,
extra_trees,select.boruta,0.174829,0.8251707014276846,14.071,encode.ordinal,0.01:float,
extra_trees,operate.keep_going,0.177052,0.8229484792054625,11.5928,encode.cat_boost,0.01:float,
tabular_nn,generate.autofeat,0.177101,0.8228988206083179,12.9019,encode.entity,0.001:float,relu
extra_trees,generate.autofeat,0.179255,0.8207448789571694,29.4071,encode.cat_boost,0.001:float,
extra_trees,generate.autofeat,0.180391,0.819608938547486,16.1802,encode.cat_boost,0.1:float,
tabular_nn,generate.autofeat,0.181508,0.8184916201117319,13.4668,encode.ordinal,0.01:float,leaky_relu
extra_trees,select.boruta,0.181521,0.8184792054624458,11.466,encode.cat_boost,0.01:float,
extra_trees,generate.autofeat,0.183731,0.8162693978895097,7.49314,encode.entity,0.01:float,
random_forest,select.boruta,0.183731,0.8162693978895096,7.57276,encode.ordinal,0.001:float,
extra_trees,operate.keep_going,0.185934,0.8140657976412168,23.3054,encode.ordinal,0.1:float,
logistic_regression,select.boruta,0.188194,0.811806331471136,7.83397,encode.entity,0.1:float,
extra_trees,select.boruta,0.188194,0.811806331471136,13.2108,encode.entity,0.01:float,
logistic_regression,select.boruta,0.189274,0.8107262569832404,5.73234,encode.ordinal,0.1:float,
random_forest,operate.keep_going,0.189317,0.8106828057107387,13.12,encode.cat_boost,0.01:float,
tabular_nn,operate.keep_going,0.190366,0.8096337678460583,9.02876,encode.ordinal,0.001:float,leaky_relu
logistic_regression,operate.keep_going,0.190422,0.8095779019242707,8.01322,encode.ordinal,0.001:float,
tabular_nn,generate.autofeat,0.191608,0.8083923029174425,34.3277,encode.ordinal,0.001:float,leaky_relu
logistic_regression,operate.keep_going,0.192632,0.8073680943513347,3.85591,encode.ordinal,0.001:float,
logistic_regression,operate.keep_going,0.194848,0.8051520794537554,21.8085,encode.ordinal,0.001:float,
tabular_nn,select.boruta,0.19599,0.804009931719429,4.80126,encode.entity,0.001:float,tanh
extra_trees,generate.autofeat,0.1982,0.8018001241464929,22.7846,encode.cat_boost,0.01:float,
extra_trees,generate.autofeat,0.198212,0.8017877094972068,10.7019,encode.ordinal,0.01:float,
random_forest,select.boruta,0.19933,0.8006703910614525,33.7386,encode.entity,0.001:float,
random_forest,operate.keep_going,0.200422,0.7995779019242706,11.4935,encode.entity,0.001:float,
extra_trees,select.boruta,0.200435,0.7995654872749844,15.3722,encode.ordinal,0.1:float,
extra_trees,generate.autofeat,0.20712,0.7928801986343885,8.21387,encode.ordinal,0.1:float,
tabular_nn,select.boruta,0.207138,0.7928615766604594,31.2962,encode.ordinal,0.01:float,tanh
tabular_nn,select.boruta,0.20825,0.7917504655493482,10.0709,encode.ordinal,0.01:float,tanh
extra_trees,operate.keep_going,0.209336,0.7906641837368095,23.6578,encode.ordinal,0.001:float,
extra_trees,select.boruta,0.209361,0.7906393544382372,17.8112,encode.ordinal,0.1:float,
tabular_nn,select.boruta,0.21604,0.7839602731222843,23.2646,encode.ordinal,0.001:float,leaky_relu
extra_trees,select.boruta,0.21604,0.7839602731222843,13.3644,encode.ordinal,0.001:float,
extra_trees,operate.keep_going,0.217157,0.7828429546865301,7.62545,encode.ordinal,0.01:float,
extra_trees,operate.keep_going,0.218274,0.781725636250776,7.08802,encode.cat_boost,0.01:float,
extra_trees,operate.keep_going,0.219404,0.7805959031657356,7.28679,encode.ordinal,0.1:float,
logistic_regression,generate.autofeat,0.220503,0.7794972067039107,26.7075,encode.ordinal,0.01:float,
extra_trees,generate.autofeat,0.221608,0.7783923029174427,27.7494,encode.ordinal,0.001:float,
tabular_nn,operate.keep_going,0.222682,0.7773184357541899,3.17267,encode.cat_boost,0.1:float,leaky_relu
extra_trees,generate.autofeat,0.228281,0.7717194289261327,28.9054,encode.entity,0.1:float,
extra_trees,operate.keep_going,0.228299,0.7717008069522037,24.9689,encode.ordinal,0.001:float,
extra_trees,select.boruta,0.230521,0.7694785847299814,24.5213,encode.ordinal,0.001:float,
extra_trees,generate.autofeat,0.230528,0.7694723774053382,27.0762,encode.cat_boost,0.01:float,
extra_trees,select.boruta,0.23162,0.7683798882681565,34.0622,encode.ordinal,0.01:float,
tabular_nn,generate.autofeat,0.23162,0.7683798882681564,16.7008,encode.entity,0.01:float,tanh
extra_trees,select.boruta,0.232737,0.7672625698324023,25.577,encode.entity,0.001:float,
extra_trees,select.boruta,0.233855,0.766145251396648,6.92867,encode.ordinal,0.1:float,
extra_trees,operate.keep_going,0.233861,0.766139044072005,19.6571,encode.ordinal,0.001:float,
logistic_regression,select.boruta,0.234947,0.7650527622594662,8.82841,encode.ordinal,0.1:float,
logistic_regression,select.boruta,0.234947,0.7650527622594662,6.31724,encode.ordinal,0.1:float,
logistic_regression,select.boruta,0.234947,0.7650527622594662,25.1576,encode.cat_boost,0.001:float,
logistic_regression,select.boruta,0.234947,0.7650527622594662,7.22561,encode.entity,0.01:float,
logistic_regression,operate.keep_going,0.234947,0.7650527622594662,4.50163,encode.entity,0.1:float,
logistic_regression,operate.keep_going,0.234947,0.7650527622594662,7.89676,encode.entity,0.001:float,
logistic_regression,operate.keep_going,0.234947,0.7650527622594662,4.54191,encode.entity,0.1:float,
logistic_regression,operate.keep_going,0.234947,0.7650527622594662,4.29166,encode.ordinal,0.1:float,
logistic_regression,operate.keep_going,0.234947,0.7650527622594662,19.0725,encode.entity,0.1:float,
logistic_regression,operate.keep_going,0.234947,0.7650527622594662,4.1004,encode.cat_boost,0.001:float,
logistic_regression,operate.keep_going,0.234947,0.7650527622594662,4.15351,encode.cat_boost,0.1:float,
logistic_regression,operate.keep_going,0.234947,0.7650527622594662,4.22966,encode.ordinal,0.1:float,
logistic_regression,select.boruta,0.234947,0.7650527622594662,19.3568,encode.ordinal,0.1:float,
logistic_regression,select.boruta,0.234947,0.7650527622594662,4.44132,encode.ordinal,0.001:float,
logistic_regression,operate.keep_going,0.234947,0.7650527622594662,6.33395,encode.ordinal,0.01:float,
logistic_regression,operate.keep_going,0.234947,0.7650527622594662,25.8843,encode.cat_boost,0.01:float,
logistic_regression,select.boruta,0.234947,0.7650527622594662,16.5461,encode.cat_boost,0.01:float,
extra_trees,operate.keep_going,0.234953,0.7650465549348231,8.02631,encode.cat_boost,0.1:float,
tabular_nn,generate.autofeat,0.236046,0.7639540657976412,25.1449,encode.ordinal,0.001:float,leaky_relu
logistic_regression,operate.keep_going,0.236058,0.763941651148355,5.41368,encode.cat_boost,0.1:float,
logistic_regression,select.boruta,0.236065,0.7639354438237119,4.87577,encode.ordinal,0.01:float,
tabular_nn,generate.autofeat,0.236071,0.7639292364990689,9.30554,encode.cat_boost,0.01:float,tanh
tabular_nn,generate.autofeat,0.236083,0.7639168218497827,8.50224,encode.ordinal,0.1:float,leaky_relu
tabular_nn,select.boruta,0.236083,0.7639168218497827,20.6886,encode.cat_boost,0.001:float,leaky_relu
extra_trees,select.boruta,0.237188,0.7628119180633147,9.31144,encode.cat_boost,0.1:float,
extra_trees,operate.keep_going,0.237188,0.7628119180633147,6.71838,encode.entity,0.01:float,
logistic_regression,generate.autofeat,0.237194,0.7628057107386716,31.8823,encode.cat_boost,0.01:float,
extra_trees,generate.autofeat,0.237194,0.7628057107386716,10.7409,encode.entity,0.001:float,
tabular_nn,generate.autofeat,0.238305,0.7616945996275606,10.2492,encode.entity,0.01:float,relu
extra_trees,select.boruta,0.238305,0.7616945996275606,26.2635,encode.entity,0.001:float,
tabular_nn,operate.keep_going,0.238305,0.7616945996275606,3.14848,encode.entity,0.01:float,leaky_relu
extra_trees,generate.autofeat,0.238305,0.7616945996275606,21.7661,encode.cat_boost,0.01:float,
extra_trees,operate.keep_going,0.238305,0.7616945996275606,21.6033,encode.cat_boost,0.01:float,
extra_trees,operate.keep_going,0.238305,0.7616945996275606,10.3609,encode.cat_boost,0.1:float,
tabular_nn,operate.keep_going,0.238305,0.7616945996275606,3.29201,encode.ordinal,0.01:float,relu
tabular_nn,generate.autofeat,0.238305,0.7616945996275606,7.58415,encode.cat_boost,0.001:float,relu
logistic_regression,select.boruta,0.238305,0.7616945996275606,22.1218,encode.ordinal,0.01:float,
tabular_nn,select.boruta,0.238305,0.7616945996275606,8.39962,encode.cat_boost,0.01:float,leaky_relu
tabular_nn,generate.autofeat,0.238305,0.7616945996275606,12.4937,encode.ordinal,0.01:float,leaky_relu
tabular_nn,select.boruta,0.238305,0.7616945996275606,5.02803,encode.cat_boost,0.01:float,leaky_relu
extra_trees,select.boruta,0.238305,0.7616945996275606,29.9202,encode.cat_boost,0.001:float,
tabular_nn,operate.keep_going,0.238305,0.7616945996275606,20.2264,encode.cat_boost,0.001:float,leaky_relu
tabular_nn,select.boruta,0.238305,0.7616945996275606,20.1936,encode.entity,0.001:float,relu
tabular_nn,select.boruta,0.238305,0.7616945996275606,3.53523,encode.entity,0.01:float,tanh
tabular_nn,select.boruta,0.238305,0.7616945996275606,22.8222,encode.entity,0.01:float,tanh
extra_trees,operate.keep_going,0.238305,0.7616945996275606,23.7153,encode.entity,0.01:float,
extra_trees,operate.keep_going,0.238305,0.7616945996275606,7.9037,encode.entity,0.01:float,
tabular_nn,operate.keep_going,0.238305,0.7616945996275606,6.32335,encode.ordinal,0.1:float,relu
tabular_nn,select.boruta,0.238305,0.7616945996275606,20.2596,encode.entity,0.01:float,relu
tabular_nn,select.boruta,0.238305,0.7616945996275606,25.5284,encode.cat_boost,0.01:float,leaky_relu
extra_trees,select.boruta,0.238305,0.7616945996275606,8.67217,encode.ordinal,0.001:float,
extra_trees,operate.keep_going,0.238305,0.7616945996275606,19.5437,encode.ordinal,0.01:float,
tabular_nn,operate.keep_going,0.238305,0.7616945996275606,2.24822,encode.cat_boost,0.01:float,tanh
tabular_nn,generate.autofeat,0.238305,0.7616945996275606,17.7953,encode.entity,0.1:float,tanh
tabular_nn,operate.keep_going,0.238305,0.7616945996275606,23.6065,encode.ordinal,0.1:float,leaky_relu
tabular_nn,generate.autofeat,0.238305,0.7616945996275606,19.9071,encode.ordinal,0.01:float,leaky_relu
extra_trees,operate.keep_going,0.238305,0.7616945996275606,10.6044,encode.entity,0.1:float,
tabular_nn,generate.autofeat,0.238305,0.7616945996275606,11.8983,encode.entity,0.1:float,relu
extra_trees,operate.keep_going,0.238305,0.7616945996275606,10.1001,encode.entity,0.01:float,
extra_trees,operate.keep_going,0.238305,0.7616945996275606,7.01853,encode.ordinal,0.1:float,
extra_trees,select.boruta,0.238305,0.7616945996275606,23.3049,encode.cat_boost,0.001:float,
tabular_nn,generate.autofeat,0.238305,0.7616945996275606,6.64256,encode.entity,0.1:float,leaky_relu
logistic_regression,generate.autofeat,0.241633,0.7583674736188702,27.0539,encode.cat_boost,0.01:float,
logistic_regression,select.boruta,0.244972,0.7550279329608938,6.38588,encode.entity,0.001:float,
logistic_regression,generate.autofeat,0.244972,0.7550279329608939,9.46258,encode.ordinal,0.01:float,
logistic_regression,generate.autofeat,0.244972,0.7550279329608939,8.65289,encode.ordinal,0.001:float,
logistic_regression,operate.keep_going,0.247169,0.7528305400372439,28.7246,encode.entity,0.01:float,
tabular_nn,operate.keep_going,0.248231,0.7517690875232775,9.25647,encode.cat_boost,0.01:float,leaky_relu
logistic_regression,generate.autofeat,0.249398,0.7506021104903787,13.5953,encode.cat_boost,0.001:float,
tabular_nn,generate.autofeat,0.255022,0.7449782743637492,33.7276,encode.entity,0.1:float,relu
tabular_nn,generate.autofeat,0.256083,0.7439168218497828,26.643,encode.entity,0.01:float,tanh
logistic_regression,generate.autofeat,0.263991,0.7360086902545003,30.8017,encode.cat_boost,0.001:float,
logistic_regression,generate.autofeat,0.266226,0.733774053382992,23.0234,encode.cat_boost,0.01:float,
logistic_regression,select.boruta,0.269503,0.7304965859714463,18.2606,encode.entity,0.01:float,
logistic_regression,generate.autofeat,0.281701,0.7182991930477963,41.8865,encode.entity,0.001:float,
tabular_nn,generate.autofeat,0.282793,0.7172067039106145,5.38093,encode.ordinal,0.001:float,leaky_relu
tabular_nn,select.boruta,0.289522,0.7104779639975171,8.70385,encode.entity,0.1:float,relu
tabular_nn,generate.autofeat,0.29851,0.701489757914339,14.1583,encode.cat_boost,0.1:float,relu
tabular_nn,select.boruta,0.304972,0.6950279329608938,4.58306,encode.ordinal,0.1:float,leaky_relu
tabular_nn,select.boruta,0.314109,0.6858907510862818,22.778,encode.ordinal,0.01:float,tanh
tabular_nn,generate.autofeat,0.316102,0.6838981998758535,10.3242,encode.ordinal,0.001:float,tanh
logistic_regression,operate.keep_going,0.316207,0.6837926753569212,7.29952,encode.cat_boost,0.01:float,
tabular_nn,generate.autofeat,0.319628,0.6803724394785847,39.1379,encode.entity,0.01:float,leaky_relu
tabular_nn,select.boruta,0.32193,0.6780695220360025,24.7269,encode.cat_boost,0.1:float,leaky_relu
logistic_regression,select.boruta,0.329572,0.6704283054003725,7.14216,encode.ordinal,0.001:float,
tabular_nn,select.boruta,0.329578,0.6704220980757294,26.0288,encode.entity,0.1:float,relu
tabular_nn,operate.keep_going,0.333935,0.666064556176288,26.6904,encode.cat_boost,0.1:float,relu
tabular_nn,operate.keep_going,0.335127,0.6648727498448169,14.1451,encode.entity,0.1:float,leaky_relu
tabular_nn,operate.keep_going,0.33748,0.66252017380509,25.8334,encode.entity,0.1:float,tanh
tabular_nn,select.boruta,0.34293,0.6570701427684668,15.3238,encode.cat_boost,0.001:float,relu
logistic_regression,operate.keep_going,0.348504,0.651495965238982,27.5581,encode.ordinal,0.01:float,
tabular_nn,generate.autofeat,0.354122,0.6458783364369955,19.5748,encode.ordinal,0.001:float,leaky_relu
tabular_nn,operate.keep_going,0.356276,0.6437243947858473,21.2683,encode.ordinal,0.001:float,leaky_relu
tabular_nn,select.boruta,0.35851,0.641489757914339,5.09478,encode.ordinal,0.001:float,relu
tabular_nn,generate.autofeat,0.359628,0.6403724394785848,9.71648,encode.cat_boost,0.01:float,relu
tabular_nn,select.boruta,0.360745,0.6392551210428306,5.93583,encode.cat_boost,0.01:float,relu
logistic_regression,operate.keep_going,0.374115,0.6258845437616387,5.75333,encode.ordinal,0.1:float,
tabular_nn,select.boruta,0.376294,0.6237057728119181,6.96513,encode.cat_boost,0.01:float,tanh
tabular_nn,select.boruta,0.376387,0.6236126629422719,26.1178,encode.entity,0.01:float,tanh
tabular_nn,generate.autofeat,0.378535,0.6214649286157666,13.4066,encode.entity,0.1:float,relu
tabular_nn,operate.keep_going,0.414264,0.5857355679702049,25.753,encode.entity,0.001:float,tanh
tabular_nn,generate.autofeat,0.415338,0.5846617008069522,21.6342,encode.ordinal,0.001:float,relu
tabular_nn,operate.keep_going,0.434457,0.5655431409062694,4.27318,encode.entity,0.1:float,relu
logistic_regression,operate.keep_going,0.442073,0.5579267535692117,9.26963,encode.cat_boost,0.001:float,
tabular_nn,select.boruta,0.447914,0.5520856610800744,23.1549,encode.entity,0.1:float,leaky_relu
logistic_regression,operate.keep_going,0.458728,0.5412725015518312,5.8702,encode.ordinal,0.1:float,
logistic_regression,select.boruta,0.459839,0.54016139044072,5.92325,encode.cat_boost,0.01:float,
logistic_regression,generate.autofeat,0.465394,0.5346058348851644,19.3434,encode.ordinal,0.01:float,
logistic_regression,select.boruta,0.467616,0.5323836126629422,19.6244,encode.cat_boost,0.001:float,
logistic_regression,select.boruta,0.468727,0.5312725015518311,6.22661,encode.cat_boost,0.001:float,
logistic_regression,operate.keep_going,0.468727,0.5312725015518311,5.82044,encode.ordinal,0.1:float,
logistic_regression,generate.autofeat,0.468771,0.5312290502793295,9.47145,encode.entity,0.01:float,
logistic_regression,select.boruta,0.469845,0.5301551831160769,5.62182,encode.ordinal,0.001:float,
logistic_regression,operate.keep_going,0.47095,0.5290502793296089,20.8073,encode.entity,0.01:float,
logistic_regression,operate.keep_going,0.47095,0.5290502793296089,25.4952,encode.entity,0.1:float,
logistic_regression,select.boruta,0.471024,0.528975791433892,10.2615,encode.cat_boost,0.001:float,
tabular_nn,generate.autofeat,0.472533,0.5274674115456238,11.1184,encode.cat_boost,0.01:float,relu
logistic_regression,select.boruta,0.474345,0.5256548727498449,11.7768,encode.cat_boost,0.001:float,
logistic_regression,select.boruta,0.478777,0.5212228429546866,17.9438,encode.entity,0.001:float,
logistic_regression,select.boruta,0.47879,0.5212104283054004,22.2041,encode.ordinal,0.001:float,
logistic_regression,select.boruta,0.497747,0.5022532588454377,8.80529,encode.ordinal,0.1:float,
logistic_regression,generate.autofeat,0.506679,0.49332091868404715,18.5679,encode.entity,0.01:float,
tabular_nn,operate.keep_going,0.508653,0.4913469894475481,5.70006,encode.cat_boost,0.001:float,relu
tabular_nn,generate.autofeat,0.520795,0.4792054624456859,8.66782,encode.cat_boost,0.1:float,tanh
logistic_regression,generate.autofeat,0.524426,0.47557417752948483,24.3684,encode.entity,0.1:float,
tabular_nn,select.boruta,0.536605,0.46339540657976414,7.83097,encode.cat_boost,0.001:float,leaky_relu
tabular_nn,operate.keep_going,0.540205,0.4597951582867784,18.9097,encode.entity,0.001:float,relu
tabular_nn,generate.autofeat,0.551359,0.44864059590316574,8.53393,encode.cat_boost,0.1:float,tanh
tabular_nn,operate.keep_going,0.552284,0.44771570453134696,25.1592,encode.cat_boost,0.01:float,tanh
tabular_nn,generate.autofeat,0.558014,0.4419863438857853,9.04254,encode.cat_boost,0.001:float,leaky_relu
logistic_regression,select.boruta,0.563265,0.43673494723774053,23.8196,encode.cat_boost,0.1:float,
logistic_regression,select.boruta,0.579075,0.4209248913718187,13.8811,encode.entity,0.1:float,
logistic_regression,select.boruta,0.582452,0.4175481067659838,7.19992,encode.cat_boost,0.001:float,
tabular_nn,generate.autofeat,0.60239,0.39761018001241466,10.7307,encode.entity,0.001:float,tanh
logistic_regression,generate.autofeat,0.60576,0.3942396027312228,13.141,encode.cat_boost,0.1:float,
tabular_nn,select.boruta,0.614687,0.38531346989447546,19.4328,encode.entity,0.001:float,relu
logistic_regression,operate.keep_going,0.62023,0.37977032898820606,22.063,encode.entity,0.001:float,
tabular_nn,generate.autofeat,0.625773,0.37422718808193667,14.8098,encode.ordinal,0.01:float,tanh
tabular_nn,operate.keep_going,0.631359,0.3686405959031657,2.86772,encode.entity,0.001:float,tanh
tabular_nn,select.boruta,0.648132,0.35186840471756675,9.45435,encode.entity,0.001:float,leaky_relu
tabular_nn,operate.keep_going,0.654867,0.3451334574798262,4.17552,encode.cat_boost,0.01:float,leaky_relu
logistic_regression,operate.keep_going,0.682588,0.3174115456238361,9.02134,encode.ordinal,0.001:float,
tabular_nn,select.boruta,0.688231,0.3117690875232775,20.3365,encode.entity,0.01:float,relu
tabular_nn,generate.autofeat,0.700447,0.2995530726256983,14.6116,encode.entity,0.001:float,tanh
tabular_nn,generate.autofeat,0.711539,0.28846058348851644,11.422,encode.cat_boost,0.1:float,tanh
tabular_nn,operate.keep_going,0.724966,0.27503414028553697,5.36427,encode.entity,0.1:float,tanh
tabular_nn,select.boruta,0.731633,0.26836747361887026,5.09658,encode.entity,0.001:float,tanh
tabular_nn,generate.autofeat,0.732775,0.26722532588454373,11.504,encode.ordinal,0.01:float,tanh
logistic_regression,generate.autofeat,0.750478,0.24952203600248293,23.8082,encode.ordinal,0.001:float,
logistic_regression,generate.autofeat,0.756046,0.2439540657976412,4.46824,encode.cat_boost,0.1:float,
